re,AppID,URL,Game Title,Release Date,AI Disclosure Type,Disclosure Clarity,Launch Base Price (USD),First Price Change Date,Price Adjustment Count,Current Base Price (USD),Price Tier,Dev Tier,Macro Genre,Is_Multiplayer,Is_Early_Access,Global Review Count,Global Rating %,Mean_Sentiment_Score,Reviews_Analyzed,Positive_Sentiment_Ratio,Theme_AI_Ratio,Theme_Scam_Ratio,Theme_Tech_Ratio,Is_AI_Cohort,Unnamed: 0
Game 1,4551040,https://store.steampowered.com/app/4551040/Animal_Company/,Animal Company,2026-05-21 00:00:00,1,2,19.99,0,0,19.99,2,1,1,2,1,690,80.92,0.260047,300,0.5766666666666667,0.0,0.0033333333333333,0.0166666666666666,1,
Game 2,2625420,https://store.steampowered.com/app/2625420/Drive_Beyond_Horizons/,Drive Beyond Horizons,2025-03-24 00:00:00,1,1,24.99,0,0,24.99,2,1,1,2,1,19882,76.48,0.410233,300,0.7266666666666667,0.0133333333333333,0.0133333333333333,0.21,1,
Game 3,3137520,https://store.steampowered.com/app/3137520/Gun_Factory_Simulator/,Gun Factory Simulator,2025-04-04 00:00:00,1,1,14.99,0,0,14.99,1,1,3,1,1,163,59.87,0.3135430379746835,79,0.6582278481012658,0.0126582278481012,0.0126582278481012,0.3164556962025316,1,
Game 4,3408110,https://store.steampowered.com/app/3408110/Cafemart_Simulator/,Cafemart Simulator,2025-02-25 00:00:00,1,1,7.99,0,0,7.99,1,1,3,2,1,687,70.09,0.455338829787234,188,0.7287234042553191,0.0106382978723404,0.0212765957446808,0.2393617021276596,1,
Game 5,3177970,https://store.steampowered.com/app/3177970/Bioweaver/,Bioweaver,2024-11-16 00:00:00,1,1,6.99,2025-05-27 00:00:00,4,6.99,1,1,1,1,0,691,74.22,0.4740939890710383,183,0.7759562841530054,0.0327868852459016,0.0109289617486338,0.0983606557377049,1,
Game 6,3279440,https://store.steampowered.com/app/3279440/Drone_Sector/,Drone Sector,2026-07-21 00:00:00,2,1,16.99,0,0,16.99,2,1,3,1,1,248,82.99,0.5210403314917127,181,0.7955801104972375,0.1049723756906077,0.0,0.0828729281767955,1,
Game 7,3569500,https://store.steampowered.com/app/3569500/Card_Shop_Simulator_Multiplayer/,Card Shop Simulator Multiplayer,2025-06-18 00:00:00,1,1,11.99,0,0,11.99,1,1,3,2,0,2153,80.69,0.5361103333333334,300,0.8,0.0833333333333333,0.03,0.1033333333333333,1,
Game 8,4768400,https://store.steampowered.com/app/4768400/Idle_Crown/,Idle Crown,2026-06-23 00:00:00,1,1,3.99,0,0,3.99,1,1,3,1,0,110,50.69,0.4208924528301886,53,0.7358490566037735,0.2075471698113207,0.0566037735849056,0.1320754716981132,1,
Game 9,3498390,https://store.steampowered.com/app/3498390/Astroloot/,Astroloot,2025-03-14 00:00:00,1,1,6.99,0,0,6.99,1,1,1,2,1,596,86.25,0.5830842342342343,222,0.8468468468468469,0.1756756756756756,0.0,0.0405405405405405,1,
Game 10,2576150,https://store.steampowered.com/app/2576150/LET_IT_DIE_INFERNO/,LET IT DIE: INFERNO,2025-12-04 00:00:00,1,1,24.99,0,0,24.99,2,2,1,2,0,776,51.67,0.0993713333333333,300,0.5233333333333333,0.1333333333333333,0.01,0.0866666666666666,1,
Game 11,3444080,https://store.steampowered.com/app/3444080/Bakery_Cafe_Simulator/,Bakery Cafe Simulator,2025-07-08 00:00:00,4,1,11.99,0,0,11.99,1,1,3,2,1,408,66.19,0.5586454545454546,143,0.7902097902097902,0.0139860139860139,0.0349650349650349,0.3566433566433566,1,
Game 12,860020,https://store.steampowered.com/app/860020/EXFIL/,EXFIL,2024-12-11 00:00:00,1,1,29.99,2025-10-06 00:00:00,1,19.99,2,1,1,2,1,867,50.15,0.5798511961722488,209,0.8038277511961722,0.0956937799043062,0.0143540669856459,0.0956937799043062,1,
Game 13,3163790,https://store.steampowered.com/app/3163790/Toy_Shop_Simulator/,Toy Shop Simulator,2025-05-16 00:00:00,1,1,12.99,2025-05-23 00:00:00,1,16.99,1,1,3,1,1,200,74.72,0.4787845238095238,84,0.7380952380952381,0.0357142857142857,0.0238095238095238,0.3214285714285714,1,
Game 14,3440120,https://store.steampowered.com/app/3440120/_Knights_of_the_Crusades/,Knights of the Crusades,2025-09-06 00:00:00,1,1,19.99,0,0,19.99,2,1,3,1,1,200,66.12,0.4718735042735043,117,0.717948717948718,0.0512820512820512,0.0427350427350427,0.4700854700854701,1,
Game 15,3809110,https://store.steampowered.com/app/3809110/Japan_Stigmatized_Property/,Japan Stigmatized Property -日本事故物件監視協会-,2025-08-15 00:00:00,1,2,7.99,0,0,7.99,1,1,4,1,0,366,69.75,0.324536,50,0.58,0.0,0.02,0.02,1,
Game 16,4148530,https://store.steampowered.com/app/4148530/City_Transport_Simulator_2026__Bus__Tram/,City Transport Simulator 2026,2026-04-14 00:00:00,1,1,39.99,0,0,39.99,3,1,3,1,0,481,71.5,0.432892,75,0.7333333333333333,0.1333333333333333,0.0133333333333333,0.2133333333333333,1,
Game 17,3939100,https://store.steampowered.com/app/3939100/Insomnia_Chapter_One/,Insomnia: Chapter One,2026-06-08 00:00:00,4,1,4.99,0,0,4.99,1,1,1,1,0,148,69.98,0.5054597014925373,67,0.7910447761194029,0.0149253731343283,0.0,0.0746268656716417,1,
Game 18,2726370,https://store.steampowered.com/app/2726370/Suck_Up/,Suck Up!,2025-10-01 00:00:00,2,1,16.99,0,0,16.99,2,1,2,1,0,264,57.09,0.386084496124031,129,0.6744186046511628,0.1550387596899224,0.0232558139534883,0.2480620155038759,1,
Game 19,3573430,https://store.steampowered.com/app/3573430/Cargo_Simulator/,Cargo Simulator,2025-09-30 00:00:00,4,1,11.99,0,0,11.99,1,1,3,1,1,330,67.76,0.4706630952380952,84,0.7738095238095238,0.0357142857142857,0.0238095238095238,0.3214285714285714,1,
Game 20,990380,https://store.steampowered.com/app/990380/METAL_EDEN/,METAL EDEN,2025-09-02 00:00:00,1,2,39.99,2026-03-26 00:00:00,1,19.99,3,2,1,1,0,2240,81.21,0.3772943333333333,300,0.7133333333333334,0.0366666666666666,0.0,0.26,1,
Game 21,1129570,https://store.steampowered.com/app/1129570/Industry_Giant_40/,Industry Giant 4.0,2025-10-17 00:00:00,1,1,24.99,0,0,24.99,2,2,3,1,1,560,38.75,0.1385848484848484,132,0.5303030303030303,0.0227272727272727,0.1439393939393939,0.1287878787878787,1,
Game 22,2017480,https://store.steampowered.com/app/2017480/Elengard_Ascension/,Elengard: Ascension,2026-01-19 00:00:00,1,1,24.99,2026-05-04 00:00:00,2,24.99,2,1,2,1,1,117,71.17,0.5758232142857143,56,0.8214285714285714,0.0535714285714285,0.0,0.0892857142857142,1,
Game 23,2393970,https://store.steampowered.com/app/2393970/Human_Host/,Human Host,2026-04-05 00:00:00,1,1,19.99,2026-05-25 00:00:00,1,16.88,2,1,1,1,1,541,76.94,0.601552329749104,279,0.8602150537634409,0.017921146953405,0.021505376344086,0.2580645161290322,1,
Game 24,3633250,https://store.steampowered.com/app/3633250/Junji_Ito_Maniac_An_Infinite_Gaol/,Junji Ito Maniac: An Infinite Gaol,2025-11-12 00:00:00,3,1,11.99,0,0,11.99,1,2,1,1,0,706,75.01,0.3272034482758621,116,0.6982758620689655,0.1810344827586207,0.0086206896551724,0.0344827586206896,1,
Game 25,1114150,https://store.steampowered.com/app/1114150/CarX_Street/,CarX Street,2024-08-29 00:00:00,3,2,19.99,0,0,19.99,2,1,3,2,0,19265,69.88,0.356205,300,0.6533333333333333,0.11,0.0,0.1366666666666666,1,
Game 26,3140620,https://store.steampowered.com/app/3140620/CAST_CHERNOZEM_ANOMALY_STRIKE_TEAM/,C.A.S.T. (CHERNOZEM ANOMALY STRIKE TEAM),2025-07-14 00:00:00,1,1,6.99,0,0,6.99,1,1,1,2,1,832,83.49,0.4396506666666666,300,0.7466666666666667,0.07,0.0466666666666666,0.0566666666666666,1,
Game 27,2445980,https://store.steampowered.com/app/2445980/GRebels/,G-Rebels,2026-07-20 00:00:00,1,1,29.99,0,0,29.99,2,1,1,1,1,209,73.92,0.5529762195121951,164,0.823170731707317,0.0914634146341463,0.0182926829268292,0.1829268292682926,1,
Game 28,3972650,https://store.steampowered.com/app/3972650/Backpack_Jianghu/,Backpack Jianghu,2026-04-03 00:00:00,1,1,13.99,0,0,13.99,1,1,3,2,0,669,78.06,0.5036759259259259,54,0.7592592592592593,0.037037037037037,0.0185185185185185,0.037037037037037,1,
Game 29,3928990,https://store.steampowered.com/app/3928990/Food_Processing_Simulator/,Food Processing Simulator,2026-05-14 00:00:00,4,1,12.99,0,0,12.99,1,1,3,1,0,331,81.56,0.5826408695652173,115,0.8260869565217391,0.0347826086956521,0.008695652173913,0.0782608695652174,1,
Game 30,3565080,https://store.steampowered.com/app/3565080/Cyber_Rats/,Cyber Rats,2025-10-27 00:00:00,1,1,8.99,2025-12-18 00:00:00,2,7.99,1,1,1,1,0,149,82.66,0.55378,105,0.8,0.0571428571428571,0.0,0.019047619047619,1,
Game 31,2986370,https://store.steampowered.com/app/2986370/Food_Delivery_Simulator/,Food Delivery Simulator,2024-12-10 00:00:00,4,1,7.99,0,0,7.99,1,1,3,1,1,311,71.08,0.2767534246575342,73,0.6027397260273972,0.0547945205479452,0.0,0.3424657534246575,1,
Game 32,3772080,https://store.steampowered.com/app/3772080/blis3Phenomena/,Iblis3:Phenomena,2025-10-27 00:00:00,1,2,12.99,0,0,12.99,1,1,1,1,0,293,57.13,0.0444647058823529,68,0.3676470588235294,0.0147058823529411,0.0,0.0294117647058823,1,
Game 33,3528280,https://store.steampowered.com/app/3528280/Crime_Detective_Red_Flags/,Crime Detective: Red Flags,2025-10-21 00:00:00,4,1,6.99,0,0,6.99,1,1,1,1,0,288,59.66,0.2443999999999999,105,0.5523809523809524,0.0095238095238095,0.0285714285714285,0.1238095238095238,1,
Game 34,4032350,https://store.steampowered.com/app/4032350/EA_SPORTS_College_Football_27/,EA SPORTS™ College Football 27,2026-07-09 00:00:00,1,2,69.99,0,0,69.99,3,2,3,2,0,2259,40.42,0.2310853333333333,300,0.5833333333333334,0.0633333333333333,0.0033333333333333,0.24,1,
Game 35,2430390,https://store.steampowered.com/app/2430390/DYSPLACED/,DYSPLACED,2026-03-05 00:00:00,1,1,24.99,0,0,24.99,2,1,1,2,1,328,81.7,0.5691307692307692,182,0.8351648351648352,0.0219780219780219,0.0109890109890109,0.1428571428571428,1,
Game 36,4570720,https://store.steampowered.com/app/4570720/DragonSword__Awakening/,DragonSword : Awakening,2026-07-23 00:00:00,2,1,29.99,0,0,29.99,2,2,2,2,0,8749,87.57,0.6324646666666667,300,0.8633333333333333,0.02,0.0033333333333333,0.0466666666666666,1,
Game 37,3992260,https://store.steampowered.com/app/3992260/Ascend_From_Nine_Mountains/,Ascend From Nine Mountains,2025-10-02 00:00:00,1,2,9.99,2026-07-09 00:00:00,2,19.99,1,1,2,1,1,285,86.3,0.6206480198019803,202,0.8514851485148515,0.0742574257425742,0.0,0.0445544554455445,1,
Game 38,3919360,https://store.steampowered.com/app/3919360/Dig_Island/,Dig Island,2026-01-30 00:00:00,4,1,14.99,0,0,14.99,1,1,3,2,1,296,79.91,0.5630839622641509,106,0.8018867924528302,0.0188679245283018,0.0094339622641509,0.1132075471698113,1,
Game 39,3266090,https://store.steampowered.com/app/3266090/IT_Specialist_Simulator/,IT Specialist Simulator,2025-11-20 00:00:00,4,1,13.99,0,0,13.99,1,1,3,1,1,418,71.24,0.4778722943722943,231,0.7532467532467533,0.0086580086580086,0.0,0.2727272727272727,1,
Game 40,2959610,https://store.steampowered.com/app/2959610/Cabin_Crew_Life_Simulator/,Cabin Crew Life Simulator,2025-02-19 00:00:00,1,1,12.99,0,0,12.99,1,1,3,1,1,525,68.34,0.439348679245283,265,0.7584905660377359,0.0415094339622641,0.0113207547169811,0.3056603773584905,1,
Game 41,3924170,https://store.steampowered.com/app/3924170/Eternal_Afternoon/,Eternal Afternoon,2026-03-03 00:00:00,3,1,8.99,0,0,8.99,1,1,2,1,0,437,87.57,0.5717123333333334,300,0.8166666666666667,0.0133333333333333,0.0,0.03,1,
Game 42,2597810,https://store.steampowered.com/app/2597810/Afallon/,Afallon,2025-11-27 00:00:00,3,1,11.99,0,0,11.99,1,1,2,1,1,213,73.13,0.6066868613138686,137,0.8248175182481752,0.0218978102189781,0.0072992700729927,0.1532846715328467,1,
Game 43,2215410,https://store.steampowered.com/app/2215410/Anime_City/,Anime City,2024-12-15 00:00:00,1,1,14.99,0,0,14.99,1,1,3,1,1,211,68.78,0.430687,100,0.7,0.1,0.0,0.04,1,
Game 44,3073580,https://store.steampowered.com/app/3073580/Aquatic_Store_Simulator/,Aquatic Store Simulator,2024-11-05 00:00:00,4,1,8.99,0,0,8.99,1,1,3,1,0,200,67.54,0.4858365079365079,63,0.7619047619047619,0.0,0.0158730158730158,0.0952380952380952,1,
Game 45,2923390,https://store.steampowered.com/app/2923390/Clothing_Store_Simulator/,Clothing Store Simulator,2025-11-28 00:00:00,4,1,12.99,0,0,12.99,1,1,3,1,1,1248,85.1,0.5291020000000001,300,0.8066666666666666,0.02,0.0266666666666666,0.14,1,
Game 46,3226210,https://store.steampowered.com/app/3226210/Skeleseller/,Skeleseller,2026-03-17 00:00:00,1,1,9.99,2026-03-24 00:00:00,2,6.99,1,1,3,1,0,419,84.89,0.6343776515151515,264,0.8825757575757576,0.0151515151515151,0.0,0.0151515151515151,1,
Game 47,4384550,https://store.steampowered.com/app/4384550/Call_of_Duty_Black_Ops_6/,Call of Duty®: Black Ops 6,2024-11-01 00:00:00,1,2,69.99,0,0,69.99,3,2,1,2,0,15764,44.57,0.3453523333333333,300,0.6466666666666666,0.0166666666666666,0.0033333333333333,0.0633333333333333,1,
Game 48,3237570,https://store.steampowered.com/app/3237570/delivery_pals/,delivery pals,2025-07-29 00:00:00,1,1,9.99,0,0,9.99,1,1,1,2,0,176,47.76,0.29864375,64,0.609375,0.0625,0.015625,0.171875,1,
Game 49,2425150,https://store.steampowered.com/app/2425150/King_of_Retail_2/,King of Retail 2,2025-05-22 00:00:00,1,1,24.99,2026-01-27 00:00:00,1,19.99,2,1,3,1,1,320,74.98,0.5609609090909091,110,0.8454545454545455,0.0454545454545454,0.0363636363636363,0.1363636363636363,1,
Game 50,3130340,https://store.steampowered.com/app/3130340/Bean_There_Won_That/,"Bean There, Won That",2024-09-25 00:00:00,2,1,14.99,2024-10-04 00:00:00,1,11.99,1,1,4,2,0,135,70.3,0.497574647887324,71,0.7323943661971831,0.056338028169014,0.0,0.1830985915492957,1,
Game 51,3702930,https://store.steampowered.com/app/3702930/Bum_Revenge/,Bum: Revenge,2025-07-30 00:00:00,1,1,14.99,2026-01-29 00:00:00,1,9.99,1,1,1,2,1,413,61.25,0.2946564285714285,140,0.6214285714285714,0.0785714285714285,0.0,0.1857142857142857,1,
Game 52,1842470,https://store.steampowered.com/app/1842470/DeathOmen/,DeathOmen,2025-02-05 00:00:00,1,1,6.99,0,0,6.99,1,1,1,1,0,116,72.98,0.3623384615384615,26,0.6538461538461539,0.0,0.0,0.0384615384615384,1,
Game 53,3355800,https://store.steampowered.com/app/3355800/Bank_Simulator/,Bank Simulator,2025-06-06 00:00:00,1,1,14.99,0,0,14.99,1,1,3,1,1,387,69.28,0.4924025,160,0.8,0.0,0.0125,0.1375,1,
Game 54,3098470,https://store.steampowered.com/app/3098470/Arctic_Motel_Simulator/,Arctic Motel Simulator,2025-02-11 00:00:00,1,1,17.99,0,0,17.99,2,1,3,1,0,474,82.39,0.5836668789808918,157,0.8280254777070064,0.0063694267515923,0.0063694267515923,0.0764331210191082,1,
Game 55,2786550,https://store.steampowered.com/app/2786550/CURE__A_Hospital_Simulator/,CURE - A Hospital Simulator,2025-11-20 00:00:00,3,1,7.99,2026-05-15 00:00:00,1,9.99,1,1,3,2,1,922,82.53,0.5845363333333333,300,0.85,0.0066666666666666,0.0,0.1166666666666666,1,
Game 56,4026480,https://store.steampowered.com/app/4026480/Cafe_Business_Manager/,Cafe Business Manager,2026-04-10 00:00:00,4,1,14.99,0,0,14.99,1,1,3,1,1,357,81.03,0.6236548076923077,104,0.8557692307692307,0.0096153846153846,0.0,0.1538461538461538,1,
Game 57,4243690,https://store.steampowered.com/app/4243690/Chained_Wheels/,Chained Wheels,2026-03-27 00:00:00,1,1,4.99,0,0,4.99,1,1,3,2,0,718,66.57,0.4554946341463415,205,0.7268292682926829,0.0097560975609756,0.0,0.0829268292682926,1,
Game 58,3079970,https://store.steampowered.com/app/3079970/Airport_XRay_Simulator/,Airport X-Ray Simulator,2024-12-12 00:00:00,1,1,14.99,2024-12-27 00:00:00,1,12.99,1,1,3,1,1,274,76.2,0.5255470967741935,155,0.7870967741935484,0.0387096774193548,0.0258064516129032,0.1161290322580645,1,
Game 59,1442430,https://store.steampowered.com/app/1442430/Storage_Hunter_Simulator/,Storage Hunter Simulator,2025-11-27 00:00:00,1,1,24.99,2025-03-04 00:00:00,2,24.99,2,1,3,2,1,4144,75.84,0.427744,300,0.7333333333333333,0.0333333333333333,0.0133333333333333,0.1566666666666666,1,
Game 60,2453920,https://store.steampowered.com/app/2453920/Amygdala/,Amygdala,2024-03-15 00:00:00,1,1,9.94,2024-07-29 00:00:00,1,6.66,1,1,1,1,0,191,68.93,0.4059576,125,0.712,0.064,0.0,0.232,1,
Game 61,3098140,https://store.steampowered.com/app/3098140/Crown_and_Adventure/,Crown And Adventure,2025-10-23 00:00:00,3,1,19.99,0,0,19.99,2,1,2,1,0,1713,60.41,0.41489,300,0.73,0.0433333333333333,0.0,0.1766666666666666,1,
Game 62,2928280,https://store.steampowered.com/app/2928280/Crime_Simulator_Playgrounds/,Crime Simulator: Playgrounds,2024-05-10 00:00:00,1,2,4.99,2025-05-06 00:00:00,2,1.99,1,1,1,2,0,2135,70.6,0.194140350877193,57,0.4912280701754385,0.0175438596491228,0.0175438596491228,0.0350877192982456,1,
Game 63,2844700,https://store.steampowered.com/app/2844700/Doki_Doki_AI_Interrogation/,Doki Doki AI Interrogation,2024-05-25 00:00:00,2,1,3.49,0,0,3.49,1,1,4,1,0,514,76.87,0.162751724137931,58,0.5172413793103449,0.3793103448275862,0.0,0.0,1,
Game 64,4746070,https://store.steampowered.com/app/4746070/Eldara/,Eldara,2026-06-15 00:00:00,1,1,10.0,2026-08-20 00:00:00,1,7.5,1,1,2,1,1,205,79.03,0.5324023622047244,127,0.7795275590551181,0.1259842519685039,0.0,0.1102362204724409,1,
Game 65,3751730,https://store.steampowered.com/app/3751730/Loan_Shark/,Loan Shark,2025-08-08 00:00:00,4,1,3.99,0,0,3.99,1,1,1,1,0,685,79.94,0.356928,300,0.6666666666666666,0.0,0.0066666666666666,0.0566666666666666,1,
Game 66,2871390,https://store.steampowered.com/app/2871390/Poly_TD/,Poly TD,2026-01-30 00:00:00,1,1,7.99,0,0,7.99,1,1,3,1,0,575,76.31,0.5512781818181818,55,0.8181818181818182,0.0,0.0,0.1636363636363636,1,
Game 67,1812450,https://store.steampowered.com/app/1812450/Bellwright/,Bellwright,2024-04-23 00:00:00,1,1,29.99,0,0,29.99,2,2,2,2,1,21203,78.75,0.3438933333333333,300,0.6933333333333334,0.1266666666666666,0.0066666666666666,0.19,1,
Game 68,3036010,https://store.steampowered.com/app/3036010/Coin_Push_RPG/,推币勇者 · Coin Push RPG,2025-05-23 00:00:00,1,1,9.99,0,0,9.99,1,1,4,1,0,760,73.43,0.5050954128440367,109,0.7522935779816514,0.0458715596330275,0.0,0.0458715596330275,1,
Game 69,2075100,https://store.steampowered.com/app/2075100/Chernobylite_2_Exclusion_Zone/,Chernobylite 2: Exclusion Zone,2025-03-06 00:00:00,2,1,39.99,0,0,39.99,3,1,1,1,1,756,62.92,0.457091592920354,226,0.7654867256637168,0.1327433628318584,0.0309734513274336,0.2964601769911504,1,
Game 70,4294620,https://store.steampowered.com/app/4294620/Life_Inc/,Life Inc.,2026-03-03 00:00:00,1,1,12.99,2026-04-23 00:00:00,2,17.9,1,1,3,1,1,131,80.27,0.6441028169014084,71,0.8873239436619719,0.028169014084507,0.0,0.0845070422535211,1,
Game 71,2181950,https://store.steampowered.com/app/2181950/Zero_Division/,Zero Division,2024-07-11 00:00:00,3,1,12.99,0,0,12.99,1,1,4,1,0,289,80.73,0.581148031496063,127,0.8110236220472441,0.0393700787401574,0.0,0.1574803149606299,1,
Game 72,3405690,https://store.steampowered.com/app/3405690/EA_SPORTS_FC_26/,EA SPORTS FC™ 26,2025-09-25 00:00:00,1,2,69.99,2025-12-04 00:00:00,9,69.99,3,2,3,2,1,100218,50.29,0.2015203333333333,300,0.51,0.03,0.0033333333333333,0.1533333333333333,1,
Game 73,2736020,https://store.steampowered.com/app/2736020/Fuck_You_Witch/,Fuck You Witch,2024-03-29 00:00:00,1,2,9.99,0,0,9.99,1,1,1,1,0,423,85.77,0.5011690476190476,42,0.7380952380952381,0.0,0.0,0.0714285714285714,1,
Game 74,3487060,https://store.steampowered.com/app/3487060/Youtubers_Life_3/,Youtubers Life 3,2026-02-05 00:00:00,1,1,19.99,0,0,19.99,2,1,3,2,1,492,51.37,0.4036117346938775,196,0.6785714285714286,0.0255102040816326,0.0306122448979591,0.1938775510204081,1,
Game 75,2738870,https://store.steampowered.com/app/2738870/Hotel_Business_Simulator/,Hotel Business Simulator,2024-06-04 00:00:00,1,2,12.99,0,0,12.99,1,1,3,1,0,231,49.48,0.1394390243902439,82,0.524390243902439,0.0,0.0853658536585365,0.1829268292682926,1,
Game 76,2967320,https://store.steampowered.com/app/2967320/Grandpa_High_on_Retro/,Grandpa High on Retro,2025-02-07 00:00:00,1,1,7.99,0,0,7.99,1,1,1,1,0,2092,85.1,0.3651483333333333,300,0.6533333333333333,0.06,0.0033333333333333,0.07,1,
Game 77,2779570,https://store.steampowered.com/app/2779570/Archons/,Archons,2024-12-06 00:00:00,3,2,9.99,0,0,9.99,1,1,1,2,0,404,86.0,0.6079505747126437,174,0.8448275862068966,0.0,0.0057471264367816,0.0344827586206896,1,
Game 78,2903710,https://store.steampowered.com/app/2903710/Lost_Lullabies_The_Orphanage_Chronicles/,Lost Lullabies: The Orphanage Chronicles,2025-10-27 00:00:00,1,1,10.99,0,0,10.99,1,1,1,2,1,514,67.97,0.3325454022988506,174,0.6839080459770115,0.0632183908045977,0.0229885057471264,0.132183908045977,1,
Game 79,3013700,https://store.steampowered.com/app/3013700/Candy__Toys_Store_Simulator/,Candy & Toys Store Simulator,2024-09-16 00:00:00,4,1,12.99,0,0,12.99,1,1,3,1,1,197,76.48,0.6060145833333334,96,0.8854166666666666,0.0,0.03125,0.0520833333333333,1,
Game 80,3694590,https://store.steampowered.com/app/3694590/Haunted_Room__205/,Haunted Room : 205,2025-08-22 00:00:00,1,1,4.99,2026-01-13 00:00:00,1,5.99,1,1,1,1,0,413,87.39,0.4584292682926829,123,0.7479674796747967,0.0,0.0,0.0,1,
Game 81,1699230,https://store.steampowered.com/app/1699230/Hail_to_the_Rainbow/,Hail to the Rainbow,2025-11-27 00:00:00,1,1,14.99,0,0,14.99,1,1,1,1,0,2651,86.96,0.5513406666666666,300,0.7466666666666667,0.0533333333333333,0.0166666666666666,0.0733333333333333,1,
Game 82,3779340,https://store.steampowered.com/app/3779340/Idle_Reincarnator/,Idle Reincarnator,2025-06-18 00:00:00,3,1,4.99,0,0,4.99,1,1,4,1,0,102,64.01,0.5379964705882353,85,0.8352941176470589,0.0470588235294117,0.0117647058823529,0.0705882352941176,1,
Game 83,1278540,https://store.steampowered.com/app/1278540/Esports_Godfather/,Esports Godfather,2024-05-24 00:00:00,1,1,19.99,0,0,19.99,2,1,3,1,0,4532,87.44,0.5045336666666667,300,0.7766666666666666,0.1833333333333333,0.0066666666666666,0.0566666666666666,1,
Game 84,3098070,https://store.steampowered.com/app/3098070/Cinema_Simulator_2025/,Cinema Simulator 2025,2025-02-17 00:00:00,1,1,11.99,0,0,11.99,1,1,3,1,1,591,73.47,0.5581353191489362,235,0.8297872340425532,0.0595744680851063,0.025531914893617,0.1744680851063829,1,
Game 85,2406370,https://store.steampowered.com/app/2406370/Darkblade_Ascent/,Darkblade Ascent,2025-10-23 00:00:00,1,1,18.99,2025-05-05 00:00:00,1,10.99,2,1,2,1,1,552,76.97,0.4238503333333333,300,0.77,0.0733333333333333,0.01,0.11,1,
Game 86,4134600,https://store.steampowered.com/app/4134600/EverRail/,EverRail,2026-07-20 00:00:00,1,1,14.99,0,0,14.99,1,1,3,1,1,331,66.09,0.4995635359116022,181,0.7679558011049724,0.0497237569060773,0.0,0.2707182320441988,1,
Game 88,4685070,https://store.steampowered.com/app/4685070/Far_Mining/,Far Mining,2026-06-04 00:00:00,2,1,2.99,0,0,2.99,1,1,4,1,0,341,87.49,0.6283054054054055,222,0.90990990990991,0.009009009009009,0.0,0.009009009009009,1,
Game 89,4249770,https://store.steampowered.com/app/4249770/Captain_Whiskers_Incremental_Seas/,Captain Whiskers: Incremental Seas,2026-02-11 00:00:00,3,1,5.99,0,0,5.99,1,1,4,1,0,909,81.4,0.4602651741293532,201,0.7761194029850746,0.1741293532338308,0.0,0.0049751243781094,1,
Game 90,3300800,https://store.steampowered.com/app/3300800/HER_TREES__PUZZLE_DREAM/,HER TREES : PUZZLE DREAM,2026-02-10 00:00:00,3,1,3.99,0,0,3.99,1,1,4,1,0,1867,92.76,0.614564,300,0.8733333333333333,0.0,0.0,0.0,1,
Game 91,3400650,https://store.steampowered.com/app/3400650/Creepy_Shift_House_For_Sale/,Creepy Shift: House For Sale,2025-04-14 00:00:00,1,1,6.99,0,0,6.99,1,1,4,1,0,369,85.94,0.6129171052631579,152,0.8618421052631579,0.1381578947368421,0.006578947368421,0.0526315789473684,1,
Game 92,2998750,https://store.steampowered.com/app/2998750/Vending_Machine_Business_Simulator/,Vending Machine Business Simulator,2025-07-23 00:00:00,1,1,8.99,0,0,8.99,1,1,3,1,1,200,69.14,0.4353862068965518,116,0.7413793103448276,0.0172413793103448,0.0086206896551724,0.1637931034482758,1,
Game 93,1771980,https://store.steampowered.com/app/1771980/The_Operator/,The Operator,2024-07-22 00:00:00,1,1,13.99,0,0,13.99,1,1,4,1,0,8788,88.91,0.5955343333333334,300,0.83,0.0033333333333333,0.0,0.0066666666666666,1,
Game 94,3626090,https://store.steampowered.com/app/3626090/Blitzkrieg_Express/,Blitzkrieg Express,2025-06-17 00:00:00,1,1,4.99,0,0,4.99,1,1,1,1,0,126,68.27,0.4942950819672131,61,0.7868852459016393,0.0163934426229508,0.0,0.0327868852459016,1,
Game 95,983870,https://store.steampowered.com/app/983870/FOUNDRY/,FOUNDRY,2024-05-02 00:00:00,1,1,34.99,2024-05-16 00:00:00,1,29.99,3,2,3,2,0,3913,78.37,0.6065820000000001,300,0.84,0.0333333333333333,0.0033333333333333,0.0566666666666666,1,
Game 96,3632890,https://store.steampowered.com/app/3632890/Content_King/,Content King,2026-03-19 00:00:00,3,1,11.99,0,0,11.99,1,1,3,1,0,303,87.53,0.4468715302491103,281,0.6797153024911032,0.0035587188612099,0.0,0.0,1,
Game 97,2772750,https://store.steampowered.com/app/2772750/Age_of_History_3/,Age of History 3,2024-10-23 00:00:00,1,1,9.99,0,0,9.99,1,1,3,1,0,18513,83.19,0.3078673333333333,300,0.6166666666666667,0.1333333333333333,0.0033333333333333,0.04,1,
Game 98,3690760,https://store.steampowered.com/app/3690760/Wild_West_Supermarket_Simulator/,Wild West Supermarket Simulator,2026-06-26 00:00:00,3,1,12.99,0,0,12.99,1,1,3,1,1,201,64.09,0.4533333333333333,66,0.7878787878787878,0.0,0.0606060606060606,0.2424242424242424,1,
Game 99,1575940,https://store.steampowered.com/app/1575940/Sins_of_a_Solar_Empire_II/,Sins of a Solar Empire II,2024-08-15 00:00:00,1,1,49.99,0,0,49.99,3,2,3,1,0,8580,81.6,0.424456,300,0.7566666666666667,0.1966666666666666,0.0133333333333333,0.06,1,
Game 100,3059520,https://store.steampowered.com/app/3059520/F1_25/,F1® 25,2025-05-30 00:00:00,1,2,59.99,2026-06-03 00:00:00,1,49.99,3,2,3,2,1,28188,85.37,0.3378423333333333,300,0.6366666666666667,0.04,0.0033333333333333,0.0633333333333333,1,
,4834070,https://store.steampowered.com/app/4834070/Dont_Sleep_With_The_Fishes/,Don't Sleep With The Fishes,2026-06-26 00:00:00,0,0,1.99,0,0,1.99,1,1,3,1,0,694,88.69,0.4875486666666667,300,0.74,0.0,0.0033333333333333,0.01,0,Game 1
,2744010,https://store.steampowered.com/app/2744010/Urban_Jungle/,Urban Jungle,2025-03-21 00:00:00,0,0,11.99,0,0,11.99,1,1,3,1,0,778,85.37,0.745188,300,0.9033333333333332,0.0,0.0,0.0966666666666666,0,Game 2
,3734400,https://store.steampowered.com/app/3734400/Creepy_Shift_Uncle_Joes_Motel/,Creepy Shift: Uncle Joe’s Motel,2026-03-04 00:00:00,0,0,6.99,0,0,6.99,1,1,3,1,0,225,83.79,0.5100081081081081,74,0.7297297297297297,0.027027027027027,0.0135135135135135,0.1081081081081081,0,Game 3
,3913270,https://store.steampowered.com/app/3913270/Slimeward/,Slimeward,2026-04-15 00:00:00,0,0,2.99,0,0,2.99,1,1,3,1,0,334,83.15,0.4948926553672316,177,0.7740112994350282,0.0,0.0056497175141242,0.0225988700564971,0,Game 4
,2720950,https://store.steampowered.com/app/2720950/Grunn/,Grunn,2024-10-04 00:00:00,0,0,12.99,0,0,12.99,1,1,3,1,0,1451,91.17,0.4692206666666667,300,0.7433333333333333,0.0,0.0,0.0066666666666666,0,Game 6
,3393740,https://store.steampowered.com/app/3393740/Firefly_Village/,Firefly Village,2025-08-11 00:00:00,0,0,8.99,0,0,8.99,1,1,3,1,0,128,78.82,0.8077425287356322,87,0.9540229885057472,0.0114942528735632,0.0,0.1839080459770115,0,Game 7
,3482510,https://store.steampowered.com/app/3482510/Packing_Life/,Packing Life,2026-03-06 00:00:00,0,0,9.99,0,0,9.99,1,1,3,1,0,102,69.17,0.6076636363636364,66,0.8333333333333334,0.0,0.0,0.0909090909090909,0,Game 8
,4231470,https://store.steampowered.com/app/4231470/Chopped_Up/,Chopped Up,2026-03-11 00:00:00,0,0,4.99,0,0,4.99,1,1,3,1,0,118,84.91,0.4342643564356436,101,0.7326732673267327,0.0,0.0,0.0396039603960396,0,Game 9
,3252360,https://store.steampowered.com/app/3252360/Unemployment_Simulator_2018/,Unemployment Simulator 2018,2026-02-03 00:00:00,0,0,9.99,0,0,9.99,1,1,3,1,0,137,76.8,0.2031637362637362,91,0.5604395604395604,0.0,0.0,0.0989010989010989,0,Game 10
,2729820,https://store.steampowered.com/app/2729820/Vending_Dokan_Kozy_Kiosk/,Vending Dokan!: Kozy Kiosk,2025-06-07 00:00:00,0,0,11.99,0,0,11.99,1,1,3,1,1,158,81.2,0.6621073770491803,122,0.8688524590163934,0.0245901639344262,0.0081967213114754,0.1393442622950819,0,Game 11
,2856370,https://store.steampowered.com/app/2856370/Into_the_Emberlands/,Into the Emberlands,2025-01-20 00:00:00,0,0,6.59,0,0,6.59,1,1,3,1,1,309,75.68,0.5278426666666667,150,0.7933333333333333,0.0,0.0,0.16,0,Game 12
,3894850,https://store.steampowered.com/app/3894850/Nothing_To_Declare/,Nothing To Declare,2026-07-25 00:00:00,0,0,9.99,0,0,9.99,1,1,3,1,0,202,70.94,0.5438076086956521,92,0.7934782608695652,0.0217391304347826,0.0,0.1956521739130435,0,Game 13
,2479290,https://store.steampowered.com/app/2479290/Computer_Repair_Shop/,Computer Repair Shop,2024-01-12 00:00:00,0,0,9.99,0,0,9.99,1,1,3,1,0,611,65.04,0.3091399999999999,175,0.6171428571428571,0.0171428571428571,0.0228571428571428,0.2114285714285714,0,Game 14
,3179050,https://store.steampowered.com/app/3179050/Piece_by_Piece/,Piece by Piece,2026-03-11 00:00:00,0,0,11.99,0,0,11.99,1,1,3,1,0,185,81.92,0.7973116666666668,120,0.95,0.0,0.0,0.1583333333333333,0,Game 15
,2342690,https://store.steampowered.com/app/2342690/Call_of_Boba/,Call of Boba,2025-03-10 00:00:00,0,0,12.99,0,0,12.99,1,1,3,1,1,166,65.62,0.6663734375,64,0.84375,0.0,0.046875,0.328125,0,Game 16
,3978250,https://store.steampowered.com/app/3978250/Sector_Space/,Sector Space,2025-11-28 00:00:00,0,0,4.99,0,0,4.99,1,1,3,1,1,132,83.27,0.6099811965811966,117,0.8632478632478633,0.0256410256410256,0.0085470085470085,0.0683760683760683,0,Game 17
,1226970,https://store.steampowered.com/app/1226970/Disco_Simulator/,Disco Simulator,2024-03-05 00:00:00,0,0,14.99,0,0,14.99,1,1,3,1,0,218,71.35,0.5773672131147541,61,0.819672131147541,0.0163934426229508,0.0,0.0655737704918032,0,Game 18
,2789460,https://store.steampowered.com/app/2789460/Ale_Abbey__Monastery_Brewery_Tycoon/,Ale Abbey - Monastery Brewery Tycoon,2025-09-17 00:00:00,0,0,14.99,0,0,14.99,1,1,3,1,1,1348,84.69,0.5434983333333333,300,0.83,0.0,0.0066666666666666,0.0366666666666666,0,Game 19
,3299080,https://store.steampowered.com/app/3299080/Snow_Resort_Simulator/,Snow Resort Simulator,2026-04-09 00:00:00,0,0,12.99,0,0,12.99,1,1,3,1,1,112,85.24,0.7208983870967742,62,0.9193548387096774,0.0,0.0,0.0967741935483871,0,Game 20
,3841970,https://store.steampowered.com/app/3841970/Battle_On_Hero_Academy/,Battle On! Hero Academy,2025-10-23 00:00:00,0,0,4.99,0,0,4.99,1,1,3,1,0,802,79.93,0.5646196078431373,51,0.803921568627451,0.0,0.0,0.0784313725490196,0,Game 21
,2393730,https://store.steampowered.com/app/2393730/Legendary_Pilots/,Legendary Pilots,2026-04-21 00:00:00,0,0,8.99,0,0,8.99,1,1,3,1,0,233,65.4,0.5674448717948718,156,0.8205128205128205,0.0192307692307692,0.0128205128205128,0.1923076923076923,0,Game 22
,3553210,https://store.steampowered.com/app/3553210/Auto_Rogue/,Auto Rogue,2025-05-23 00:00:00,0,0,6.99,0,0,6.99,1,1,3,1,0,723,86.08,0.5703947115384616,208,0.8317307692307693,0.0,0.0096153846153846,0.048076923076923,0,Game 23
,2216660,https://store.steampowered.com/app/2216660/Mortal_Glory_2/,Mortal Glory 2,2024-03-04 00:00:00,0,0,11.99,0,0,11.99,1,1,3,1,0,306,81.15,0.6206995283018868,212,0.8726415094339622,0.0518867924528301,0.0047169811320754,0.0188679245283018,0,Game 24
,3259470,https://store.steampowered.com/app/3259470/Papas_Pizzeria_Deluxe/,Papa's Pizzeria Deluxe,2024-11-19 00:00:00,0,0,5.99,0,0,5.99,1,1,3,1,0,3696,94.59,0.419233,300,0.6533333333333333,0.0,0.0,0.0033333333333333,0,Game 25
,2434600,https://store.steampowered.com/app/2434600/ShantyTown/,ShantyTown,2026-04-17 00:00:00,0,0,14.99,0,0,14.99,1,1,3,1,0,449,90.55,0.732535,300,0.9133333333333332,0.0,0.0033333333333333,0.07,0,Game 26
,3109580,https://store.steampowered.com/app/3109580/I_Am_Legion_Stand_Survivors/,I Am Legion: Stand Survivors,2025-03-07 00:00:00,0,0,8.99,0,0,8.99,1,1,1,1,0,2550,79.09,0.534844,300,0.82,0.0,0.0033333333333333,0.02,0,Game 27
,2741490,https://store.steampowered.com/app/2741490/At_Tonys/,At Tony's,2024-04-24 00:00:00,0,0,3.99,0,0,3.99,1,1,1,1,0,204,72.31,0.2617203125,128,0.59375,0.0546875,0.0,0.03125,0,Game 28
,2760790,https://store.steampowered.com/app/2760790/Another_Farm_Roguelike_Rebirth/,Another Farm Roguelike: Rebirth,2025-08-01 00:00:00,0,0,6.99,0,0,6.99,1,1,1,1,0,537,69.22,0.5467123595505619,89,0.797752808988764,0.0,0.0112359550561797,0.1685393258426966,0,Game 29
,3464970,https://store.steampowered.com/app/3464970/Holder_of_Place/,Holder of Place,2025-11-26 00:00:00,0,0,9.99,0,0,9.99,1,1,1,1,0,294,83.17,0.6686515151515151,198,0.8888888888888888,0.005050505050505,0.0,0.0353535353535353,0,Game 30
,2721890,https://store.steampowered.com/app/2721890/oo/,Öoo,2025-08-07 00:00:00,0,0,9.99,0,0,9.99,1,1,1,1,0,6764,95.83,0.624097,300,0.8566666666666667,0.0,0.0,0.0,0,Game 31
,1543710,https://store.steampowered.com/app/1543710/Beyond_Galaxyland/,Beyond Galaxyland,2024-09-24 00:00:00,0,0,14.99,0,0,14.99,1,1,1,1,0,365,80.62,0.658080487804878,205,0.8536585365853658,0.0048780487804878,0.0,0.0292682926829268,0,Game 32
,3237920,https://store.steampowered.com/app/3237920/Mech_Havoc/,Mech Havoc,2025-10-27 00:00:00,0,0,8.98,2026-01-05 00:00:00,3,9.99,1,1,1,1,1,774,90.35,0.5369583333333333,300,0.8266666666666667,0.01,0.0,0.0233333333333333,0,Game 33
,3011850,https://store.steampowered.com/app/3011850/CRUELTY/,CRUELTY,2024-06-17 00:00:00,0,0,6.99,0,0,6.99,1,1,1,1,0,143,67.64,0.2305918367346938,49,0.6326530612244898,0.0408163265306122,0.0,0.1632653061224489,0,Game 34
,2101890,https://store.steampowered.com/app/2101890/Zoonomaly/,Zoonomaly,2024-03-06 00:00:00,0,0,5.99,0,0,5.99,1,1,1,1,0,965,74.49,0.2675006666666666,300,0.58,0.01,0.0033333333333333,0.06,0,Game 35
,2850100,https://store.steampowered.com/app/2850100/Dungeon_Exiles/,Dungeon Exiles,2024-08-08 00:00:00,0,0,9.99,2024-11-27 00:00:00,2,4.99,1,1,1,1,0,115,69.52,0.4649777777777778,81,0.7777777777777778,0.0,0.0,0.037037037037037,0,Game 36
,3480990,https://store.steampowered.com/app/3480990/There_Are_No_Orcs/,There Are No Orcs,2025-11-06 00:00:00,0,0,8.99,0,0,8.99,1,1,1,1,0,1205,88.46,0.512006,300,0.8066666666666666,0.0033333333333333,0.0033333333333333,0.03,0,Game 37
,4303040,https://store.steampowered.com/app/4303040/Pyromaniac/,Pyromaniac,2026-01-30 00:00:00,0,0,4.99,0,0,4.99,1,1,1,1,0,866,81.23,0.211183393501805,277,0.592057761732852,0.0,0.0216606498194945,0.03971119133574,0,Game 38
,1679510,https://store.steampowered.com/app/1679510/Plushie_from_the_Sky/,Plushie from the Sky,2024-05-06 00:00:00,0,0,11.99,0,0,11.99,1,1,1,1,0,386,88.66,0.5763761467889909,218,0.8211009174311926,0.0,0.018348623853211,0.0963302752293578,0,Game 39
,2793370,https://store.steampowered.com/app/2793370/Chillas_Art_Shinkansen_0___0/,[Chilla's Art] Shinkansen 0 | 新幹線 0号,2024-03-23 00:00:00,0,0,6.99,0,0,6.99,1,1,4,1,0,1133,81.4,0.415761,300,0.7133333333333334,0.0033333333333333,0.0033333333333333,0.03,0,Game 40
,4277790,https://store.steampowered.com/app/4277790/Blackjack_Descent/,Blackjack Descent,2026-02-19 00:00:00,0,0,7.99,0,0,7.99,1,1,4,1,0,112,73.72,0.3247655913978494,93,0.6774193548387096,0.0,0.0,0.032258064516129,0,Game 41
,2379780,https://store.steampowered.com/app/2379780/Balatro/,Balatro,2024-02-20 00:00:00,0,0,14.99,0,0,14.99,1,1,4,1,0,196983,96.62,0.3543989999999999,300,0.6233333333333333,0.0,0.0,0.0,0,Game 42
,4530880,https://store.steampowered.com/app/4530880/BACKSPACE/,BACK*SPACE,2026-04-29 00:00:00,0,0,7.5,0,0,7.5,1,1,4,1,0,115,83.41,0.7736150537634409,93,0.9032258064516128,0.0,0.021505376344086,0.053763440860215,0,Game 43
,3929760,https://store.steampowered.com/app/3929760/Incredicer/,Incredicer,2025-11-27 00:00:00,0,0,2.99,0,0,2.99,1,1,4,1,0,2375,82.28,0.438707,300,0.7433333333333333,0.0,0.0,0.0233333333333333,0,Game 44
,3694480,https://store.steampowered.com/app/3694480/A_Game_About_Feeding_A_Black_Hole/,A Game About Feeding A Black Hole,2025-12-15 00:00:00,0,0,6.99,0,0,6.99,1,1,4,1,0,3310,85.38,0.471214,300,0.7566666666666667,0.0033333333333333,0.0033333333333333,0.02,0,Game 45
,4276980,https://store.steampowered.com/app/4276980/Tiny_Biomes_Cozy_Idle/,Tiny Biomes: Cozy Idle,2026-03-13 00:00:00,0,0,4.99,0,0,4.99,1,1,4,1,0,441,80.01,0.5131550264550264,189,0.7883597883597884,0.0,0.0,0.0423280423280423,0,Game 46
,3411050,https://store.steampowered.com/app/3411050/3D_Escape_Room_Detective_Story/,3D Escape Room: Detective Story,2025-03-14 00:00:00,0,0,7.99,0,0,7.99,1,1,4,1,0,132,65.18,0.4685067796610169,59,0.7457627118644068,0.0,0.0,0.0169491525423728,0,Game 47
,2097030,https://store.steampowered.com/app/2097030/Union_of_Gnomes/,Union of Gnomes,2024-04-24 00:00:00,0,0,14.99,0,0,14.99,1,1,4,1,1,359,75.55,0.3550990654205608,107,0.7009345794392523,0.0,0.0093457943925233,0.0186915887850467,0,Game 48
,4563880,https://store.steampowered.com/app/4563880/walk/,walk,2026-07-18 00:00:00,0,0,1.99,0,0,1.99,1,1,4,1,0,266,90.7,0.6989704663212435,193,0.9067357512953368,0.0,0.0,0.0103626943005181,0,Game 49
,3232040,https://store.steampowered.com/app/3232040/BodyRecords/,BodyRecords,2025-04-18 00:00:00,0,0,6.99,0,0,6.99,1,1,1,2,1,663,63.66,0.3479296666666667,300,0.7066666666666667,0.0033333333333333,0.01,0.1633333333333333,0,Game 50
,3257310,https://store.steampowered.com/app/3257310/10S_FOREVER/,10S FOREVER,2025-06-18 00:00:00,0,0,7.99,0,0,7.99,1,1,1,2,0,105,87.0,0.4646809523809524,84,0.7380952380952381,0.0,0.0,0.0238095238095238,0,Game 51
,1817500,https://store.steampowered.com/app/1817500/Abandoned_Archive/,Abandoned Archive,2025-11-24 00:00:00,0,0,5.99,0,0,5.99,1,1,1,2,0,760,87.53,0.2884,300,0.6133333333333333,0.0333333333333333,0.12,0.0233333333333333,0,Game 52
,2085540,https://store.steampowered.com/app/2085540/Stick_It_to_the_Stickman/,Stick It to the Stickman,2025-08-18 00:00:00,0,0,4.99,2026-02-16 00:00:00,2,11.99,1,1,1,2,1,8203,93.58,0.3729093333333333,300,0.67,0.0,0.0,0.0666666666666666,0,Game 53
,3119720,https://store.steampowered.com/app/3119720/Barro_2024/,Barro 2024,2024-08-09 00:00:00,0,0,0.99,2025-02-15 00:00:00,1,4.99,1,1,1,2,0,193,72.46,0.3671098360655737,61,0.6557377049180327,0.0327868852459016,0.0327868852459016,0.0327868852459016,0,Game 54
,1805320,https://store.steampowered.com/app/1805320/Romestead/,Romestead,2026-05-26 00:00:00,0,0,13.99,0,0,13.99,1,1,1,2,1,4778,74.41,0.4750233333333333,300,0.76,0.0066666666666666,0.0,0.0733333333333333,0,Game 55
,2684370,https://store.steampowered.com/app/2684370/Dinosaur_World/ ,Dinosaur World,2025-04-27 00:00:00,0,0,0.99,2025-07-25 00:00:00,5,9.99,1,1,1,2,1,171,59.44,0.3036633333333333,60,0.6666666666666666,0.05,0.05,0.1833333333333333,0,Game 56
,3089130,https://store.steampowered.com/app/3089130/Retail_Company_Simulator/,Retail Company Simulator,2024-08-06 00:00:00,0,0,11.99,0,0,11.99,1,1,3,2,0,738,85.08,0.6063246231155779,199,0.8492462311557789,0.0251256281407035,0.0,0.0804020100502512,0,Game 57
,2897240,https://store.steampowered.com/app/2897240/Puffin_Planes/,Puffin Planes,2024-09-04 00:00:00,0,0,11.99,0,0,11.99,1,1,3,2,0,353,87.23,0.6176385714285715,280,0.8607142857142858,0.0642857142857142,0.0,0.0714285714285714,0,Game 58
,2289650,https://store.steampowered.com/app/2289650/Mini_Airways__ATC_simulator/,Mini Airways - ATC simulator,2024-07-31 00:00:00,0,0,9.99,0,0,9.99,1,1,3,2,0,1571,87.74,0.4574156666666667,300,0.7633333333333333,0.0,0.0066666666666666,0.0266666666666666,0,Game 59
,3558400,https://store.steampowered.com/app/3558400/Backseat_Drivers/,Backseat Drivers,2025-10-09 00:00:00,0,0,9.99,0,0,9.99,1,1,3,2,0,1190,74.74,0.3308533333333333,300,0.63,0.0,0.0,0.0866666666666666,0,Game 60
,4019090,https://store.steampowered.com/app/4019090/HAM_The_Game/,HAM: The Game,2026-03-03 00:00:00,0,0,7.99,0,0,7.99,1,1,3,2,0,153,73.21,0.489740625,64,0.734375,0.0,0.0,0.109375,0,Game 61
,4037180,https://store.steampowered.com/app/4037180/Go_Ape_Ship/,Go Ape Ship!,2026-02-18 00:00:00,0,0,9.99,0,0,9.99,1,1,3,2,0,453,45.08,0.60322,30,0.8666666666666667,0.0,0.0,0.0666666666666666,0,Game 62
,2918500,https://store.steampowered.com/app/2918500/Cozy_Island/,Cozy Island,2025-09-22 00:00:00,0,0,8.99,0,0,8.99,1,1,3,2,0,2639,88.02,0.4994296703296704,91,0.6813186813186813,0.0219780219780219,0.0,0.0989010989010989,0,Game 63
,1865930,https://store.steampowered.com/app/1865930/Space_Prison/,Space Prison,2024-07-18 00:00:00,0,0,19.99,0,0,19.99,2,1,3,1,0,287,78.37,0.4923180124223602,161,0.7950310559006211,0.0,0.0,0.1118012422360248,0,Game 64
,2854710,https://store.steampowered.com/app/2854710/Chocolate_Factory/,Chocolate Factory,2024-06-18 00:00:00,0,0,19.99,0,0,19.99,2,1,3,1,0,149,54.97,0.4289024390243903,82,0.6951219512195121,0.0121951219512195,0.1219512195121951,0.0975609756097561,0,Game 65
,2289390,https://store.steampowered.com/app/2289390/Crab_God/,Crab God,2024-06-20 00:00:00,0,0,19.99,0,0,19.99,2,1,3,1,0,325,76.52,0.6211179104477612,201,0.8109452736318408,0.0149253731343283,0.0,0.0597014925373134,0,Game 66
,2162800,https://store.steampowered.com/app/2162800/shapez_2__Factory/,shapez 2 - Factory,2026-04-23 00:00:00,0,0,24.99,2026-01-19 00:00:00,1,29.99,2,1,3,1,1,15067,94.44,0.4766933333333333,300,0.75,0.0,0.0,0.0233333333333333,0,Game 67
,2078230,https://store.steampowered.com/app/2078230/Badlands_Crew__Drive_Command_Conquer/,"Badlands Crew - Drive, Command, Conquer",2025-04-28 00:00:00,0,0,18.99,0,0,18.99,2,1,3,1,0,1223,75.5,0.3407489999999999,300,0.6666666666666666,0.0166666666666666,0.0366666666666666,0.0766666666666666,0,Game 68
,2949320,https://store.steampowered.com/app/2949320/Ratatan/,Ratatan,2025-09-18 00:00:00,0,0,24.99,0,0,24.99,2,1,1,2,1,3088,82.48,0.482763,300,0.7133333333333334,0.0,0.0,0.03,0,Game 69
,3116640,https://store.steampowered.com/app/3116640/Torque_Drift_2/,Torque Drift 2,2024-11-29 00:00:00,0,0,19.99,0,0,19.99,2,1,1,2,1,422,62.91,0.5866568306010929,183,0.8087431693989071,0.0054644808743169,0.0163934426229508,0.1912568306010929,0,Game 70
,3189340,https://store.steampowered.com/app/3189340/Dungeons_of_Eternity/,Dungeons of Eternity,2025-09-11 00:00:00,0,0,29.99,0,0,29.99,2,1,1,2,0,966,85.73,0.580454,300,0.8266666666666667,0.0033333333333333,0.0033333333333333,0.04,0,Game 71
,1221480,https://store.steampowered.com/app/1221480/Big_Hops_Together/,Big Hops Together,2026-01-12 00:00:00,0,0,19.99,0,0,19.99,2,1,1,2,0,556,85.66,0.6757016666666666,300,0.8833333333333333,0.0033333333333333,0.0033333333333333,0.1566666666666666,0,Game 72
,1466230,https://store.steampowered.com/app/1466230/The_Holy_Gosh_Darn/,The Holy Gosh Darn,2024-09-26 00:00:00,0,0,19.99,0,0,19.99,2,1,2,1,0,347,88.55,0.7005709923664122,131,0.9083969465648856,0.0,0.0,0.0229007633587786,0,Game 73
,1307960,https://store.steampowered.com/app/1307960/Quartet/,Quartet,2025-08-26 00:00:00,0,0,19.99,0,0,19.99,2,1,2,1,0,392,88.32,0.7479728813559322,295,0.911864406779661,0.0033898305084745,0.0033898305084745,0.0203389830508474,0,Game 74
,1897650,https://store.steampowered.com/app/1897650/Dream_Tactics/,Dream Tactics,2024-04-15 00:00:00,0,0,17.99,0,0,17.99,2,1,2,1,0,688,86.63,0.6419648464163822,293,0.8464163822525598,0.0068259385665529,0.0,0.0341296928327645,0,Game 75
,2288470,https://store.steampowered.com/app/2288470/Aethermancer/,Aethermancer,2025-09-23 00:00:00,0,0,21.99,2026-05-20 00:00:00,1,25.99,2,1,2,1,1,2642,87.65,0.5691046666666667,300,0.8166666666666667,0.0033333333333333,0.0,0.03,0,Game 76
,2934190,https://store.steampowered.com/app/2934190/Aooni/,Aooni,2024-07-25 00:00:00,0,0,9.99,0,0,9.99,1,1,2,1,0,1008,73.71,0.203767,300,0.4833333333333333,0.0433333333333333,0.0033333333333333,0.0166666666666666,0,Game 77
,1811330,https://store.steampowered.com/app/1811330/Lord_Ambermaze/,Lord Ambermaze,2025-09-17 00:00:00,0,0,14.99,0,0,14.99,1,1,2,1,0,142,82.77,0.3920904761904761,63,0.6984126984126984,0.0,0.0,0.0,0,Game 78
,3329650,https://store.steampowered.com/app/3329650/Find_Love_or_Die_Trying_Til_Death_Do_Us_Part/,Find Love or Die Trying: Til Death Do Us Part,2025-03-18 00:00:00,0,0,4.99,0,0,4.99,1,1,2,1,0,172,63.74,0.5842474576271186,59,0.7457627118644068,0.0,0.0,0.0,0,Game 79
,2828590,https://store.steampowered.com/app/2828590/The_Haunting_of_Joni_Evers/,The Haunting of Joni Evers,2025-01-13 00:00:00,0,0,14.99,0,0,14.99,1,1,2,1,0,167,81.78,0.7426205607476636,107,0.9158878504672896,0.0,0.0093457943925233,0.0934579439252336,0,Game 80
,1669480,https://store.steampowered.com/app/1669480/Firefighting_Simulator_Ignite/,Firefighting Simulator: Ignite,2025-09-09 00:00:00,0,0,34.99,0,0,34.99,3,2,3,2,1,2554,77.52,0.4051276666666666,300,0.7366666666666667,0.2766666666666666,0.0,0.1166666666666666,0,Game 81
,2399420,https://store.steampowered.com/app/2399420/Le_Mans_Ultimate/,Le Mans Ultimate,2025-07-22 00:00:00,0,0,32.99,2024-10-01 00:00:00,2,39.99,3,2,3,2,1,19586,77.44,0.345167,300,0.6733333333333333,0.0166666666666666,0.0033333333333333,0.1133333333333333,0,Game 82
,2021880,https://store.steampowered.com/app/2021880/Ara_History_Untold_Anniversary_Edition/,Ara History Untold: Anniversary Edition,2024-09-24 00:00:00,0,0,59.99,2025-09-24 00:00:00,1,49.99,3,2,3,2,0,2287,67.23,0.511518,300,0.7833333333333333,0.14,0.01,0.1366666666666666,0,Game 83
,1594040,https://store.steampowered.com/app/1594040/Wreckreation/,Wreckreation,2025-10-28 00:00:00,0,0,39.99,0,0,39.99,3,2,3,2,0,488,62.47,0.5172737451737451,259,0.7606177606177607,0.1042471042471042,0.0193050193050193,0.3243243243243243,0,Game 84
,3402720,https://store.steampowered.com/app/3402720/Clean_Up_Earth/,Clean Up Earth,2026-04-02 00:00:00,0,0,29.99,0,0,29.99,2,1,3,2,0,142,62.02,0.634343396226415,53,0.8301886792452831,0.0188679245283018,0.0,0.1698113207547169,0,Game 85
,1416960,https://store.steampowered.com/app/1416960/Everafter_Falls/,Everafter Falls,2024-06-20 00:00:00,0,0,19.99,0,0,19.99,2,1,3,2,0,726,79.34,0.7062578947368421,285,0.9052631578947368,0.0035087719298245,0.0105263157894736,0.1298245614035087,0,Game 86
,3164500,https://store.steampowered.com/app/3164500/Schedule_I/,Schedule I,2025-03-25 00:00:00,0,0,19.99,0,0,19.99,2,1,3,2,1,314224,96.75,0.375409,300,0.6733333333333333,0.0066666666666666,0.0,0.02,0,Game 87
,3081840,https://store.steampowered.com/app/3081840/Chrono_Gear_Warden_of_Time/,Chrono Gear: Warden of Time,2025-09-12 00:00:00,0,0,17.99,0,0,17.99,2,1,1,1,0,995,92.86,0.747421,300,0.8866666666666667,0.0,0.0,0.02,0,Game 88
,1308940,https://store.steampowered.com/app/1308940/Misc_A_Tiny_Tale/,Misc. A Tiny Tale,2025-07-31 00:00:00,0,0,19.99,0,0,19.99,2,1,1,1,0,132,87.36,0.788778431372549,102,0.9411764705882352,0.0,0.0,0.0392156862745098,0,Game 89
,2356560,https://store.steampowered.com/app/2356560/Monster_Hunter_Stories/,Monster Hunter Stories,2024-06-14 00:00:00,0,0,29.99,0,0,29.99,2,2,2,2,0,2096,86.88,0.492834,300,0.7533333333333333,0.0066666666666666,0.0066666666666666,0.02,0,Game 90
,1374490,https://store.steampowered.com/app/1374490/RuneScape_Dragonwilds/,RuneScape: Dragonwilds,2025-04-16 00:00:00,0,0,29.99,0,0,29.99,2,2,2,2,1,29226,79.87,0.465667,300,0.7433333333333333,0.0,0.0,0.0366666666666666,0,Game 91
,2865580,https://store.steampowered.com/app/2865580/Lets_Minesweeper/,Let's Minesweeper,2024-07-24 00:00:00,0,0,4.99,0,0,4.99,1,1,4,2,0,906,73.95,0.2363229729729729,74,0.5675675675675675,0.0,0.0135135135135135,0.0405405405405405,0,Game 92
,2285940,https://store.steampowered.com/app/2285940/Hollow_Survivors,Hollow Survivors,2025-04-10 00:00:00,0,0,9.99,0,0,9.99,1,2,1,1,0,199,75.43,0.4562810126582278,79,0.7468354430379747,0.0,0.0126582278481012,0.0379746835443038,0,Game 93
,1762930,https://store.steampowered.com/app/1762930/Goat_Simulator_Remastered/,Goat Simulator: Remastered,2024-11-07 00:00:00,0,0,29.99,0,0,29.99,2,2,1,2,0,1170,83.43,0.3792986666666667,300,0.6133333333333333,0.0033333333333333,0.01,0.0633333333333333,0,Game 94
,3314070,https://store.steampowered.com/app/3314070/The_Sims_2_Legacy_Collection/,The Sims™ 2 Legacy Collection,2025-02-01 00:00:00,0,0,29.99,0,0,29.99,2,2,3,1,0,5009,70.67,0.4854946666666667,300,0.7733333333333333,0.0,0.01,0.2366666666666666,0,Game 95
,1588550,https://store.steampowered.com/app/1588550/Cairn/,Cairn,2026-01-29 00:00:00,0,0,29.99,0,0,29.99,3 (Tier Override: Mid substituted for Premium),1,1,1,0,21216,92.18,0.513355,300,0.74,0.0033333333333333,0.0,0.0433333333333333,0,Game 96
,4039140,https://store.steampowered.com/app/4039140/Subway_Builder/,Subway Builder,2026-07-17 00:00:00,0,0,39.99,0,0,39.99,3,1,3,1,0,362,56.19,0.4031549586776859,242,0.7272727272727273,0.1157024793388429,0.0082644628099173,0.3099173553719008,0,Game 97
,2197680,https://store.steampowered.com/app/2197680/That_Time_I_Got_Reincarnated_as_a_Slime_ISEKAI_Chronicles/,That Time I Got Reincarnated as a Slime ISEKAI Chronicles,2024-08-08 00:00:00,0,0,49.99,0,0,49.99,3,2,1,1,1,368,54.29,0.4420886956521739,115,0.7391304347826086,0.017391304347826,0.0260869565217391,0.0695652173913043,0,Game 98
,2719200,https://store.steampowered.com/app/2719200/SAMURAI_WARRIORS_4_DX/,SAMURAI WARRIORS 4 DX,2024-05-14 00:00:00,0,0,49.99,0,0,49.99,3,2,1,2,0,509,80.7,0.510583275261324,287,0.7770034843205574,0.0209059233449477,0.0,0.0592334494773519,0,Game 99
,1658920,https://store.steampowered.com/app/1658920/Crown_Wars_The_Black_Prince/,Crown Wars: The Black Prince,2024-05-24 00:00:00,0,0,39.99,0,0,39.99,3,2,3,1,0,645,58.71,0.3424780612244897,196,0.7040816326530612,0.0510204081632653,0.010204081632653,0.2755102040816326,0,Game 100
